atom_id,x_gt,y_gt
0,25.044558807961412,25.144257221107814
1,41.04455880796141,25.144257221107814
2,57.04455880796141,25.144257221107814
3,73.04455880796141,25.144257221107814
4,89.04455880796141,25.144257221107814
5,105.04455880796141,25.144257221107814
6,121.04455880796141,25.144257221107814
7,137.0445588079614,25.144257221107814
8,153.0445588079614,25.144257221107814
9,169.0445588079614,25.144257221107814
10,185.0445588079614,25.144257221107814
11,201.0445588079614,25.144257221107814
12,217.0445588079614,25.144257221107814
13,233.0445588079614,25.144257221107814
14,25.044558807961412,41.144257221107814
15,41.04455880796141,41.144257221107814
16,57.04455880796141,41.144257221107814
17,73.04455880796141,41.144257221107814
18,89.04455880796141,41.144257221107814
19,105.04455880796141,41.144257221107814
20,121.04455880796141,41.144257221107814
21,137.0445588079614,41.144257221107814
22,153.0445588079614,41.144257221107814
23,169.0445588079614,41.144257221107814
24,185.0445588079614,41.144257221107814
25,201.0445588079614,41.144257221107814
26,217.0445588079614,41.144257221107814
27,233.0445588079614,41.144257221107814
28,25.044558807961412,57.144257221107814
29,41.04455880796141,57.144257221107814
30,57.04455880796141,57.144257221107814
31,73.04455880796141,57.144257221107814
32,89.04455880796141,57.144257221107814
33,105.04455880796141,57.144257221107814
34,121.04455880796141,57.144257221107814
35,137.0445588079614,57.144257221107814
36,153.0445588079614,57.144257221107814
37,169.0445588079614,57.144257221107814
38,185.0445588079614,57.144257221107814
39,201.0445588079614,57.144257221107814
40,217.0445588079614,57.144257221107814
41,233.0445588079614,57.144257221107814
42,25.044558807961412,73.14425722110782
43,41.04455880796141,73.14425722110782
44,57.04455880796141,73.14425722110782
45,73.04455880796141,73.14425722110782
46,89.04455880796141,73.14425722110782
47,105.04455880796141,73.14425722110782
48,121.04455880796141,73.14425722110782
49,137.0445588079614,73.14425722110782
50,153.0445588079614,73.14425722110782
51,169.0445588079614,73.14425722110782
52,185.0445588079614,73.14425722110782
53,201.0445588079614,73.14425722110782
54,217.0445588079614,73.14425722110782
55,233.0445588079614,73.14425722110782
56,25.044558807961412,89.14425722110782
57,41.04455880796141,89.14425722110782
58,57.04455880796141,89.14425722110782
59,73.04455880796141,89.14425722110782
60,89.04455880796141,89.14425722110782
61,105.04455880796141,89.14425722110782
62,121.04455880796141,89.14425722110782
63,137.0445588079614,89.14425722110782
64,153.0445588079614,89.14425722110782
65,169.0445588079614,89.14425722110782
66,185.0445588079614,89.14425722110782
67,201.0445588079614,89.14425722110782
68,217.0445588079614,89.14425722110782
69,233.0445588079614,89.14425722110782
70,25.044558807961412,105.14425722110782
71,41.04455880796141,105.14425722110782
72,57.04455880796141,105.14425722110782
73,73.04455880796141,105.14425722110782
74,89.04455880796141,105.14425722110782
75,105.04455880796141,105.14425722110782
76,121.04455880796141,105.14425722110782
77,137.0445588079614,105.14425722110782
78,153.0445588079614,105.14425722110782
79,169.0445588079614,105.14425722110782
80,185.0445588079614,105.14425722110782
81,201.0445588079614,105.14425722110782
82,217.0445588079614,105.14425722110782
83,233.0445588079614,105.14425722110782
84,25.044558807961412,121.14425722110782
85,41.04455880796141,121.14425722110782
86,57.04455880796141,121.14425722110782
87,73.04455880796141,121.14425722110782
88,89.04455880796141,121.14425722110782
89,105.04455880796141,121.14425722110782
90,121.04455880796141,121.14425722110782
91,137.0445588079614,121.14425722110782
92,153.0445588079614,121.14425722110782
93,169.0445588079614,121.14425722110782
94,185.0445588079614,121.14425722110782
95,201.0445588079614,121.14425722110782
96,217.0445588079614,121.14425722110782
97,233.0445588079614,121.14425722110782
98,25.044558807961412,137.1442572211078
99,41.04455880796141,137.1442572211078
100,57.04455880796141,137.1442572211078
101,73.04455880796141,137.1442572211078
102,89.04455880796141,137.1442572211078
103,105.04455880796141,137.1442572211078
104,121.04455880796141,137.1442572211078
105,137.0445588079614,137.1442572211078
106,153.0445588079614,137.1442572211078
107,169.0445588079614,137.1442572211078
108,185.0445588079614,137.1442572211078
109,201.0445588079614,137.1442572211078
110,217.0445588079614,137.1442572211078
111,233.0445588079614,137.1442572211078
112,25.044558807961412,153.1442572211078
113,41.04455880796141,153.1442572211078
114,57.04455880796141,153.1442572211078
115,73.04455880796141,153.1442572211078
116,89.04455880796141,153.1442572211078
117,105.04455880796141,153.1442572211078
118,121.04455880796141,153.1442572211078
119,137.0445588079614,153.1442572211078
120,153.0445588079614,153.1442572211078
121,169.0445588079614,153.1442572211078
122,185.0445588079614,153.1442572211078
123,201.0445588079614,153.1442572211078
124,217.0445588079614,153.1442572211078
125,233.0445588079614,153.1442572211078
126,25.044558807961412,169.1442572211078
127,41.04455880796141,169.1442572211078
128,57.04455880796141,169.1442572211078
129,73.04455880796141,169.1442572211078
130,89.04455880796141,169.1442572211078
131,105.04455880796141,169.1442572211078
132,121.04455880796141,169.1442572211078
133,137.0445588079614,169.1442572211078
134,153.0445588079614,169.1442572211078
135,169.0445588079614,169.1442572211078
136,185.0445588079614,169.1442572211078
137,201.0445588079614,169.1442572211078
138,217.0445588079614,169.1442572211078
139,233.0445588079614,169.1442572211078
140,25.044558807961412,185.1442572211078
141,41.04455880796141,185.1442572211078
142,57.04455880796141,185.1442572211078
143,73.04455880796141,185.1442572211078
144,89.04455880796141,185.1442572211078
145,105.04455880796141,185.1442572211078
146,121.04455880796141,185.1442572211078
147,137.0445588079614,185.1442572211078
148,153.0445588079614,185.1442572211078
149,169.0445588079614,185.1442572211078
150,185.0445588079614,185.1442572211078
151,201.0445588079614,185.1442572211078
152,217.0445588079614,185.1442572211078
153,233.0445588079614,185.1442572211078
154,25.044558807961412,201.1442572211078
155,41.04455880796141,201.1442572211078
156,57.04455880796141,201.1442572211078
157,73.04455880796141,201.1442572211078
158,89.04455880796141,201.1442572211078
159,105.04455880796141,201.1442572211078
160,121.04455880796141,201.1442572211078
161,137.0445588079614,201.1442572211078
162,153.0445588079614,201.1442572211078
163,169.0445588079614,201.1442572211078
164,185.0445588079614,201.1442572211078
165,201.0445588079614,201.1442572211078
166,217.0445588079614,201.1442572211078
167,233.0445588079614,201.1442572211078
168,25.044558807961412,217.1442572211078
169,41.04455880796141,217.1442572211078
170,57.04455880796141,217.1442572211078
171,73.04455880796141,217.1442572211078
172,89.04455880796141,217.1442572211078
173,105.04455880796141,217.1442572211078
174,121.04455880796141,217.1442572211078
175,137.0445588079614,217.1442572211078
176,153.0445588079614,217.1442572211078
177,169.0445588079614,217.1442572211078
178,185.0445588079614,217.1442572211078
179,201.0445588079614,217.1442572211078
180,217.0445588079614,217.1442572211078
181,233.0445588079614,217.1442572211078
182,25.044558807961412,233.1442572211078
183,41.04455880796141,233.1442572211078
184,57.04455880796141,233.1442572211078
185,73.04455880796141,233.1442572211078
186,89.04455880796141,233.1442572211078
187,105.04455880796141,233.1442572211078
188,121.04455880796141,233.1442572211078
189,137.0445588079614,233.1442572211078
190,153.0445588079614,233.1442572211078
191,169.0445588079614,233.1442572211078
192,185.0445588079614,233.1442572211078
193,201.0445588079614,233.1442572211078
194,217.0445588079614,233.1442572211078
195,233.0445588079614,233.1442572211078
